gtld-servers.net,no_cookies_or_timeout,2026-03-16T14:05:34.914914+00:00
akamai.net,no_cookies_or_timeout,2026-03-16T14:05:35.292230+00:00
akamaiedge.net,no_cookies_or_timeout,2026-03-16T14:05:35.881351+00:00
akadns.net,no_cookies_or_timeout,2026-03-16T14:05:36.668022+00:00
e2ro.com,no_cookies_or_timeout,2026-03-16T14:05:37.240346+00:00
windowsupdate.com,no_cookies_or_timeout,2026-03-16T14:05:37.639178+00:00
microsoftonline.com,no_cookies_or_timeout,2026-03-16T14:05:38.361235+00:00
apple-dns.net,no_cookies_or_timeout,2026-03-16T14:05:38.929753+00:00
domaincontrol.com,no_cookies_or_timeout,2026-03-16T14:05:39.444321+00:00
keenetic.io,no_cookies_or_timeout,2026-03-16T14:05:40.356880+00:00
appsflyersdk.com,no_cookies_or_timeout,2026-03-16T14:05:43.194958+00:00
office.net,no_cookies_or_timeout,2026-03-16T14:05:43.743903+00:00
aaplimg.com,no_cookies_or_timeout,2026-03-16T14:05:44.157226+00:00
workers.dev,no_cookies_or_timeout,2026-03-16T14:05:47.538616+00:00
trafficmanager.net,no_cookies_or_timeout,2026-03-16T14:05:48.187363+00:00
pv-cdn.net,no_cookies_or_timeout,2026-03-16T14:05:48.613009+00:00
cloudfront.net,no_cookies_or_timeout,2026-03-16T14:05:49.018434+00:00
goo.gl,no_cookies_or_timeout,2026-03-16T14:05:52.085790+00:00
akam.net,no_cookies_or_timeout,2026-03-16T14:05:52.463212+00:00
adobe.com,no_cookies_or_timeout,2026-03-16T14:05:53.335562+00:00
ripn.net,no_cookies_or_timeout,2026-03-16T14:06:18.775649+00:00
tiktokcdn.com,no_cookies_or_timeout,2026-03-16T14:06:19.357268+00:00
gvt1.com,no_cookies_or_timeout,2026-03-16T14:06:20.081681+00:00
gvt2.com,no_cookies_or_timeout,2026-03-16T14:06:20.631366+00:00
ytimg.com,no_cookies_or_timeout,2026-03-16T14:06:21.423209+00:00
tiktokv.com,no_cookies_or_timeout,2026-03-16T14:06:24.172126+00:00
edgekey.net,no_cookies_or_timeout,2026-03-16T14:06:24.867524+00:00
googledomains.com,no_cookies_or_timeout,2026-03-16T14:06:28.116041+00:00
nginx.org,no_cookies_or_timeout,2026-03-16T14:06:30.800449+00:00
edgesuite.net,no_cookies_or_timeout,2026-03-16T14:06:31.607597+00:00
a2z.com,no_cookies_or_timeout,2026-03-16T14:06:32.236528+00:00
root-servers.net,no_cookies_or_timeout,2026-03-16T14:06:32.808684+00:00
vedcdnlb.com,no_cookies_or_timeout,2026-03-16T14:06:33.335918+00:00
cdninstagram.com,no_cookies_or_timeout,2026-03-16T14:06:33.775602+00:00
unity3d.com,no_cookies_or_timeout,2026-03-16T14:06:36.542703+00:00
googleadservices.com,no_cookies_or_timeout,2026-03-16T14:06:39.374927+00:00
b-cdn.net,no_cookies_or_timeout,2026-03-16T14:07:05.132427+00:00
t-msedge.net,no_cookies_or_timeout,2026-03-16T14:07:05.825031+00:00
cdn77.org,no_cookies_or_timeout,2026-03-16T14:07:06.340138+00:00
apache.org,no_cookies_or_timeout,2026-03-16T14:07:09.708617+00:00
amazon-adsystem.com,no_cookies_or_timeout,2026-03-16T14:07:12.772312+00:00
amazon.dev,no_cookies_or_timeout,2026-03-16T14:07:13.202538+00:00
spo-msedge.net,no_cookies_or_timeout,2026-03-16T14:07:13.797701+00:00
bytefcdn-oversea.com,no_cookies_or_timeout,2026-03-16T14:07:14.645426+00:00
msftncsi.com,no_cookies_or_timeout,2026-03-16T14:07:15.456731+00:00
mailinabox.email,no_cookies_or_timeout,2026-03-16T14:07:19.504898+00:00
azurefd.net,no_cookies_or_timeout,2026-03-16T14:07:20.167858+00:00
ax-msedge.net,no_cookies_or_timeout,2026-03-16T14:07:20.554031+00:00
registrar-servers.com,no_cookies_or_timeout,2026-03-16T14:07:37.536319+00:00
miit.gov.cn,no_cookies_or_timeout,2026-03-16T14:07:38.426569+00:00
dnsowl.com,no_cookies_or_timeout,2026-03-16T14:07:38.932782+00:00
ggpht.com,no_cookies_or_timeout,2026-03-16T14:07:39.402468+00:00
msftconnecttest.com,no_cookies_or_timeout,2026-03-16T14:07:39.826857+00:00
3gppnetwork.org,no_cookies_or_timeout,2026-03-16T14:07:40.261161+00:00
azurewebsites.net,no_cookies_or_timeout,2026-03-16T14:07:41.060079+00:00
cdn-apple.com,no_cookies_or_timeout,2026-03-16T14:07:41.469274+00:00
wac-msedge.net,no_cookies_or_timeout,2026-03-16T14:07:42.178190+00:00
tiktokcdn-us.com,no_cookies_or_timeout,2026-03-16T14:07:42.655707+00:00
lencr.org,no_cookies_or_timeout,2026-03-16T14:07:45.554584+00:00
vkuserphoto.ru,no_cookies_or_timeout,2026-03-16T14:07:50.008232+00:00
macromedia.com,no_cookies_or_timeout,2026-03-16T14:08:15.457779+00:00
adobe.io,no_cookies_or_timeout,2026-03-16T14:08:18.874683+00:00
aws.dev,no_cookies_or_timeout,2026-03-16T14:08:19.443900+00:00
akamaized.net,no_cookies_or_timeout,2026-03-16T14:08:20.192504+00:00
azureedge.net,no_cookies_or_timeout,2026-03-16T14:08:20.602576+00:00
vecdnlb.com,no_cookies_or_timeout,2026-03-16T14:08:21.067565+00:00
nflxso.net,no_cookies_or_timeout,2026-03-16T14:08:21.570666+00:00
ttdns2.com,no_cookies_or_timeout,2026-03-16T14:08:22.178653+00:00
shifen.com,no_cookies_or_timeout,2026-03-16T14:08:47.872064+00:00
akamaitech.net,no_cookies_or_timeout,2026-03-16T14:08:48.465792+00:00
fastly-edge.com,no_cookies_or_timeout,2026-03-16T14:08:48.864714+00:00
spov-msedge.net,no_cookies_or_timeout,2026-03-16T14:08:49.642973+00:00
adnxs.com,no_cookies_or_timeout,2026-03-16T14:08:52.377465+00:00
wildberries.ru,no_cookies_or_timeout,2026-03-16T14:08:56.493157+00:00
msedge.net,no_cookies_or_timeout,2026-03-16T14:09:22.144617+00:00
cncdn.com,no_cookies_or_timeout,2026-03-16T14:09:50.426720+00:00
merkle.io,no_cookies_or_timeout,2026-03-16T14:09:53.162981+00:00
jomodns.com,no_cookies_or_timeout,2026-03-16T14:09:53.860715+00:00
adsrvr.org,no_cookies_or_timeout,2026-03-16T14:09:56.985359+00:00
mit.edu,no_cookies_or_timeout,2026-03-16T14:10:00.006252+00:00
nominetdns.uk,no_cookies_or_timeout,2026-03-16T14:10:00.690107+00:00
demdex.net,no_cookies_or_timeout,2026-03-16T14:10:01.376760+00:00
dns-parking.com,no_cookies_or_timeout,2026-03-16T14:10:02.120491+00:00
omtrdc.net,no_cookies_or_timeout,2026-03-16T14:10:02.950846+00:00
wsdvs.com,no_cookies_or_timeout,2026-03-16T14:10:03.797104+00:00
cdngslb.com,no_cookies_or_timeout,2026-03-16T14:10:29.145243+00:00
wixsite.com,no_cookies_or_timeout,2026-03-16T14:10:29.790665+00:00
ksyuncdn.com,no_cookies_or_timeout,2026-03-16T14:10:30.475930+00:00
alibabadns.com,no_cookies_or_timeout,2026-03-16T14:10:31.202299+00:00
mangosip.ru,no_cookies_or_timeout,2026-03-16T14:10:56.854735+00:00
static.microsoft,no_cookies_or_timeout,2026-03-16T14:10:57.672450+00:00
ttvnw.net,no_cookies_or_timeout,2026-03-16T14:10:58.386987+00:00
hichina.com,no_cookies_or_timeout,2026-03-16T14:10:59.374139+00:00
rocket-cdn.com,no_cookies_or_timeout,2026-03-16T14:11:00.230128+00:00
nr-data.net,no_cookies_or_timeout,2026-03-16T14:11:00.718703+00:00
samsungqbe.com,no_cookies_or_timeout,2026-03-16T14:11:01.227177+00:00
media-amazon.com,no_cookies_or_timeout,2026-03-16T14:11:01.830096+00:00
akamaihd.net,no_cookies_or_timeout,2026-03-16T14:11:02.283092+00:00
heytapmobile.com,no_cookies_or_timeout,2026-03-16T14:11:02.625831+00:00
wbx2.com,no_cookies_or_timeout,2026-03-16T14:11:28.369023+00:00
mtgglobals.com,no_cookies_or_timeout,2026-03-16T14:11:29.055534+00:00
edgecdn.ru,no_cookies_or_timeout,2026-03-16T14:11:30.835651+00:00
capcutapi.com,no_cookies_or_timeout,2026-03-16T14:11:31.249740+00:00
php.net,no_cookies_or_timeout,2026-03-16T14:11:35.706375+00:00
debian.org,no_cookies_or_timeout,2026-03-16T14:11:38.804907+00:00
ipv4only.arpa,no_cookies_or_timeout,2026-03-16T14:12:04.581283+00:00
jsdelivr.net,no_cookies_or_timeout,2026-03-16T14:12:30.365866+00:00
name-services.com,no_cookies_or_timeout,2026-03-16T14:12:31.053938+00:00
kwai-pro.com,no_cookies_or_timeout,2026-03-16T14:12:31.628549+00:00
tiktokv.us,no_cookies_or_timeout,2026-03-16T14:12:32.011094+00:00
kaspersky-labs.com,no_cookies_or_timeout,2026-03-16T14:12:32.831740+00:00
douyincdn.com,no_cookies_or_timeout,2026-03-16T14:12:33.469112+00:00
gnu.org,no_cookies_or_timeout,2026-03-16T14:12:36.958043+00:00
washingtonpost.com,no_cookies_or_timeout,2026-03-16T14:12:37.806799+00:00
clarity.ms,no_cookies_or_timeout,2026-03-16T14:12:40.902245+00:00
inner-active.mobi,no_cookies_or_timeout,2026-03-16T14:12:58.238658+00:00
sc-cdn.net,no_cookies_or_timeout,2026-03-16T14:12:58.646094+00:00
bamgrid.com,no_cookies_or_timeout,2026-03-16T14:12:59.125722+00:00
ezvizlife.com,no_cookies_or_timeout,2026-03-16T14:13:24.840369+00:00
cdnbuild.net,no_cookies_or_timeout,2026-03-16T14:13:25.438282+00:00
allawnos.com,no_cookies_or_timeout,2026-03-16T14:13:26.236155+00:00
publicnode.com,no_cookies_or_timeout,2026-03-16T14:13:29.559310+00:00
samsungcloudsolution.com,no_cookies_or_timeout,2026-03-16T14:13:29.995462+00:00
ibyteimg.com,no_cookies_or_timeout,2026-03-16T14:13:30.753567+00:00
telegraph.co.uk,no_cookies_or_timeout,2026-03-16T14:13:33.731019+00:00
mynetname.net,no_cookies_or_timeout,2026-03-16T14:13:34.509914+00:00
scdn.co,no_cookies_or_timeout,2026-03-16T14:13:35.142493+00:00
live-video.net,no_cookies_or_timeout,2026-03-16T14:13:35.806269+00:00
heytapdl.com,no_cookies_or_timeout,2026-03-16T14:13:36.210417+00:00
vedsalb.com,no_cookies_or_timeout,2026-03-16T14:13:36.963020+00:00
tiktokcdn-eu.com,no_cookies_or_timeout,2026-03-16T14:13:37.565570+00:00
awsglobalaccelerator.com,no_cookies_or_timeout,2026-03-16T14:13:38.272619+00:00
aliyuncsslbintl.com,no_cookies_or_timeout,2026-03-16T14:13:38.662112+00:00
sc-gw.com,no_cookies_or_timeout,2026-03-16T14:13:39.035333+00:00
cookiedatabase.org,no_cookies_or_timeout,2026-03-16T14:13:41.717373+00:00
kwaipros.com,no_cookies_or_timeout,2026-03-16T14:13:42.520305+00:00
online-metrix.net,no_cookies_or_timeout,2026-03-16T14:13:43.351378+00:00
rzone.de,no_cookies_or_timeout,2026-03-16T14:13:43.942896+00:00
whecloud.com,no_cookies_or_timeout,2026-03-16T14:13:44.418173+00:00
ip-api.com,no_cookies_or_timeout,2026-03-16T14:13:47.354858+00:00
adobe.net,no_cookies_or_timeout,2026-03-16T14:13:48.992466+00:00
byteoversea.net,no_cookies_or_timeout,2026-03-16T14:13:49.542270+00:00
tbcache.com,no_cookies_or_timeout,2026-03-16T14:14:15.068636+00:00
avcdn.net,no_cookies_or_timeout,2026-03-16T14:14:15.666661+00:00
tiktokv.eu,no_cookies_or_timeout,2026-03-16T14:14:16.296651+00:00
vkuser.net,no_cookies_or_timeout,2026-03-16T14:14:41.623554+00:00
pangle.io,no_cookies_or_timeout,2026-03-16T14:14:42.375876+00:00
sfx.ms,no_cookies_or_timeout,2026-03-16T14:14:42.911282+00:00
yccdn.ru,no_cookies_or_timeout,2026-03-16T14:14:43.975403+00:00
namebrightdns.com,no_cookies_or_timeout,2026-03-16T14:14:44.462769+00:00
dual-s-msedge.net,no_cookies_or_timeout,2026-03-16T14:14:44.979058+00:00
quora.com,no_cookies_or_timeout,2026-03-16T14:14:48.129707+00:00
list-manage.com,no_cookies_or_timeout,2026-03-16T14:15:13.726010+00:00
addtoany.com,no_cookies_or_timeout,2026-03-16T14:15:16.956253+00:00
beian.gov.cn,no_cookies_or_timeout,2026-03-16T14:15:19.608518+00:00
myqcloud.com,no_cookies_or_timeout,2026-03-16T14:15:20.325165+00:00
mikrotik.com,no_cookies_or_timeout,2026-03-16T14:15:24.679184+00:00
tm-azurefd.net,no_cookies_or_timeout,2026-03-16T14:15:25.261774+00:00
nflximg.com,no_cookies_or_timeout,2026-03-16T14:15:50.648471+00:00
kwai.net,no_cookies_or_timeout,2026-03-16T14:16:16.361958+00:00
myhuaweicloud.com,no_cookies_or_timeout,2026-03-16T14:16:17.256975+00:00
gcdn.co,no_cookies_or_timeout,2026-03-16T14:16:18.269405+00:00
nflxvideo.net,no_cookies_or_timeout,2026-03-16T14:16:19.060656+00:00
nstld.com,no_cookies_or_timeout,2026-03-16T14:16:19.880487+00:00
2mdn.net,no_cookies_or_timeout,2026-03-16T14:16:20.545309+00:00
msidentity.com,no_cookies_or_timeout,2026-03-16T14:16:21.055637+00:00
nease.net,no_cookies_or_timeout,2026-03-16T14:16:22.071691+00:00
mcafee.com,no_cookies_or_timeout,2026-03-16T14:16:22.661692+00:00
imcmdb.net,no_cookies_or_timeout,2026-03-16T14:16:48.133568+00:00
libp2p.direct,no_cookies_or_timeout,2026-03-16T14:16:48.724687+00:00
tencent-cloud.net,no_cookies_or_timeout,2026-03-16T14:16:49.219642+00:00
xcal.tv,no_cookies_or_timeout,2026-03-16T14:16:49.763212+00:00
gandi-ns.fr,no_cookies_or_timeout,2026-03-16T14:16:50.828114+00:00
awswaf.com,no_cookies_or_timeout,2026-03-16T14:16:51.437691+00:00
cdn20.com,no_cookies_or_timeout,2026-03-16T14:16:52.292306+00:00
shopifysvc.com,no_cookies_or_timeout,2026-03-16T14:16:52.926362+00:00
my.com,no_cookies_or_timeout,2026-03-16T14:16:53.913857+00:00
worldnic.com,no_cookies_or_timeout,2026-03-16T14:17:19.575272+00:00
svc.ms,no_cookies_or_timeout,2026-03-16T14:17:20.267810+00:00
jquery.com,no_cookies_or_timeout,2026-03-16T14:17:23.304289+00:00
tplinkcloud.com,no_cookies_or_timeout,2026-03-16T14:17:26.467511+00:00
byteglb.com,no_cookies_or_timeout,2026-03-16T14:17:26.859972+00:00
azure-dns.com,no_cookies_or_timeout,2026-03-16T14:17:27.238491+00:00
a-msedge.net,no_cookies_or_timeout,2026-03-16T14:17:27.969740+00:00
yahoodns.net,no_cookies_or_timeout,2026-03-16T14:17:28.568431+00:00
impervadns.net,no_cookies_or_timeout,2026-03-16T14:17:35.865740+00:00
dnspod.net,no_cookies_or_timeout,2026-03-16T14:18:01.570558+00:00
rlcdn.com,no_cookies_or_timeout,2026-03-16T14:18:02.404775+00:00
brave.com,no_cookies_or_timeout,2026-03-16T14:18:05.219119+00:00
wswebcdn.com,no_cookies_or_timeout,2026-03-16T14:18:05.658954+00:00
rakuten.co.jp,no_cookies_or_timeout,2026-03-16T14:18:30.964218+00:00
qlivecdn.com,no_cookies_or_timeout,2026-03-16T14:18:31.545247+00:00
arxiv.org,no_cookies_or_timeout,2026-03-16T14:18:34.520688+00:00
wb.ru,no_cookies_or_timeout,2026-03-16T14:18:38.516171+00:00
telephony.goog,no_cookies_or_timeout,2026-03-16T14:18:49.565089+00:00
aboutads.info,no_cookies_or_timeout,2026-03-16T14:18:52.882361+00:00
adobedtm.com,no_cookies_or_timeout,2026-03-16T14:18:53.504397+00:00
nmrodam.com,no_cookies_or_timeout,2026-03-16T14:18:53.847679+00:00
bidswitch.net,no_cookies_or_timeout,2026-03-16T14:18:54.409316+00:00
2gis.com,no_cookies_or_timeout,2026-03-16T14:18:58.050780+00:00
aiv-cdn.net,no_cookies_or_timeout,2026-03-16T14:18:58.868362+00:00
adobedc.net,no_cookies_or_timeout,2026-03-16T14:18:59.279174+00:00
alicdn.com,no_cookies_or_timeout,2026-03-16T14:19:25.056280+00:00
accuweather.com,no_cookies_or_timeout,2026-03-16T14:19:25.520049+00:00
spaceweb.pro,no_cookies_or_timeout,2026-03-16T14:19:27.531418+00:00
twimg.com,no_cookies_or_timeout,2026-03-16T14:19:27.993293+00:00
googletagservices.com,no_cookies_or_timeout,2026-03-16T14:19:28.799933+00:00
enacdn.net,no_cookies_or_timeout,2026-03-16T14:19:29.359725+00:00
hicloud.com,no_cookies_or_timeout,2026-03-16T14:19:30.101926+00:00
bx-msedge.net,no_cookies_or_timeout,2026-03-16T14:19:30.846458+00:00
ups.com,no_cookies_or_timeout,2026-03-16T14:19:31.513955+00:00
live.net,no_cookies_or_timeout,2026-03-16T14:19:31.978030+00:00
samsungacr.com,no_cookies_or_timeout,2026-03-16T14:19:32.553802+00:00
mdpi.com,no_cookies_or_timeout,2026-03-16T14:19:35.372071+00:00
iiko.it,no_cookies_or_timeout,2026-03-16T14:19:37.254219+00:00
bytedns1.com,no_cookies_or_timeout,2026-03-16T14:19:37.994052+00:00
rackspace.net,no_cookies_or_timeout,2026-03-16T14:20:03.580843+00:00
bdydns.com,no_cookies_or_timeout,2026-03-16T14:20:04.445365+00:00
licdn.com,no_cookies_or_timeout,2026-03-16T14:20:05.285625+00:00
agkn.com,no_cookies_or_timeout,2026-03-16T14:20:05.792797+00:00
googlezip.net,no_cookies_or_timeout,2026-03-16T14:20:06.416884+00:00
grammarly.io,no_cookies_or_timeout,2026-03-16T14:20:06.907332+00:00
sophos.com,no_cookies_or_timeout,2026-03-16T14:20:07.981459+00:00
vidaahub.com,no_cookies_or_timeout,2026-03-16T14:20:08.396708+00:00
ln-msedge.net,no_cookies_or_timeout,2026-03-16T14:20:09.216955+00:00
b-msedge.net,no_cookies_or_timeout,2026-03-16T14:20:09.935536+00:00
smaato.net,no_cookies_or_timeout,2026-03-16T14:20:10.605371+00:00
volcfcdndvs.com,no_cookies_or_timeout,2026-03-16T14:20:11.573149+00:00
edgecastdns.net,no_cookies_or_timeout,2026-03-16T14:20:12.438353+00:00
bunnyinfra.net,no_cookies_or_timeout,2026-03-16T14:20:12.835380+00:00
ui-dns.com,no_cookies_or_timeout,2026-03-16T14:20:13.513794+00:00
typekit.net,no_cookies_or_timeout,2026-03-16T14:20:39.220048+00:00
360safe.com,no_cookies_or_timeout,2026-03-16T14:20:56.738188+00:00
1rx.io,no_cookies_or_timeout,2026-03-16T14:20:57.195040+00:00
ovscdns.com,no_cookies_or_timeout,2026-03-16T14:20:57.633343+00:00
lijit.com,no_cookies_or_timeout,2026-03-16T14:21:00.925404+00:00
crwdcntrl.net,no_cookies_or_timeout,2026-03-16T14:21:26.275896+00:00
imrworldwide.com,no_cookies_or_timeout,2026-03-16T14:21:26.844155+00:00
bidr.io,no_cookies_or_timeout,2026-03-16T14:21:27.572093+00:00
id5-sync.com,no_cookies_or_timeout,2026-03-16T14:21:30.897204+00:00
freepik.com,no_cookies_or_timeout,2026-03-16T14:21:34.206700+00:00
githubusercontent.com,no_cookies_or_timeout,2026-03-16T14:21:34.869482+00:00
wbbasket.ru,no_cookies_or_timeout,2026-03-16T14:21:35.429007+00:00
tencent.com,no_cookies_or_timeout,2026-03-16T14:21:45.586492+00:00
browser-intake-datadoghq.com,no_cookies_or_timeout,2026-03-16T14:21:48.197879+00:00
nel.goog,no_cookies_or_timeout,2026-03-16T14:21:48.813025+00:00
ks-cdn.com,no_cookies_or_timeout,2026-03-16T14:21:49.624324+00:00
herokudns.com,no_cookies_or_timeout,2026-03-16T14:21:50.413956+00:00
usgovcloudapi.net,no_cookies_or_timeout,2026-03-16T14:21:51.221097+00:00
geobasket.ru,no_cookies_or_timeout,2026-03-16T14:21:52.497619+00:00
liadm.com,no_cookies_or_timeout,2026-03-16T14:21:53.169285+00:00
omnitagjs.com,no_cookies_or_timeout,2026-03-16T14:21:54.011800+00:00
dbankcloud.com,no_cookies_or_timeout,2026-03-16T14:21:54.503545+00:00
sentinelone.net,no_cookies_or_timeout,2026-03-16T14:21:55.196072+00:00
bestbuy.com,no_cookies_or_timeout,2026-03-16T14:22:20.702138+00:00
afilias-nst.info,no_cookies_or_timeout,2026-03-16T14:22:21.049384+00:00
lgtvcommon.com,no_cookies_or_timeout,2026-03-16T14:22:21.707518+00:00
creativecdn.com,no_cookies_or_timeout,2026-03-16T14:22:22.673330+00:00
bytefcdn-ttpeu.com,no_cookies_or_timeout,2026-03-16T14:22:23.367549+00:00
criteo.net,no_cookies_or_timeout,2026-03-16T14:22:24.146263+00:00
exp-tas.com,no_cookies_or_timeout,2026-03-16T14:22:24.915044+00:00
33across.com,no_cookies_or_timeout,2026-03-16T14:22:27.882560+00:00
everesttech.net,no_cookies_or_timeout,2026-03-16T14:22:53.549555+00:00
chinamobile.com,no_cookies_or_timeout,2026-03-16T14:23:19.271987+00:00
mhverifier.ru,no_cookies_or_timeout,2026-03-16T14:23:22.783650+00:00
turn.com,no_cookies_or_timeout,2026-03-16T14:23:23.538634+00:00
spotifycdn.com,no_cookies_or_timeout,2026-03-16T14:23:24.077191+00:00
teads.tv,no_cookies_or_timeout,2026-03-16T14:23:27.552674+00:00
bytefcdn-ttpus.com,no_cookies_or_timeout,2026-03-16T14:23:28.115160+00:00
mckinsey.com,no_cookies_or_timeout,2026-03-16T14:23:29.003878+00:00
arcgis.com,no_cookies_or_timeout,2026-03-16T14:23:32.153709+00:00
firebaseio.com,no_cookies_or_timeout,2026-03-16T14:23:32.944815+00:00
alipaydns.com,no_cookies_or_timeout,2026-03-16T14:23:36.648220+00:00
ozone.ru,no_cookies_or_timeout,2026-03-16T14:23:38.502872+00:00
azure-devices.net,no_cookies_or_timeout,2026-03-16T14:23:39.206992+00:00
herokuapp.com,no_cookies_or_timeout,2026-03-16T14:23:39.874223+00:00
miwifi.com,no_cookies_or_timeout,2026-03-16T14:23:42.941841+00:00
yellowblue.io,no_cookies_or_timeout,2026-03-16T14:23:43.555224+00:00
zenecn.net,no_cookies_or_timeout,2026-03-16T14:23:45.233811+00:00
usda.gov,no_cookies_or_timeout,2026-03-16T14:23:46.126699+00:00
ssl-images-amazon.com,no_cookies_or_timeout,2026-03-16T14:23:46.684412+00:00
afilias-nst.org,no_cookies_or_timeout,2026-03-16T14:23:47.193534+00:00
dbankcloud.ru,no_cookies_or_timeout,2026-03-16T14:23:48.546911+00:00
cmediahub.ru,no_cookies_or_timeout,2026-03-16T14:23:50.899653+00:00
go-mpulse.net,no_cookies_or_timeout,2026-03-16T14:23:51.409759+00:00
aiv-delivery.net,no_cookies_or_timeout,2026-03-16T14:23:52.120045+00:00
fidelity.com,no_cookies_or_timeout,2026-03-16T14:23:52.901849+00:00
cdnhwc1.com,no_cookies_or_timeout,2026-03-16T14:23:53.436981+00:00
samsungosp.com,no_cookies_or_timeout,2026-03-16T14:23:54.119191+00:00
prodregistryv2.org,no_cookies_or_timeout,2026-03-16T14:23:56.713627+00:00
tiktokrow-cdn.com,no_cookies_or_timeout,2026-03-16T14:23:57.210952+00:00
rtbcdn.ru,no_cookies_or_timeout,2026-03-16T14:23:58.025422+00:00
tplinknbu.com,no_cookies_or_timeout,2026-03-16T14:23:58.788648+00:00
goskope.com,no_cookies_or_timeout,2026-03-16T14:23:59.283020+00:00
cdn-vk.ru,no_cookies_or_timeout,2026-03-16T14:24:00.157592+00:00
dhl.com,no_cookies_or_timeout,2026-03-16T14:24:01.264856+00:00
opera-api.com,no_cookies_or_timeout,2026-03-16T14:24:26.908679+00:00
nextlgsdp.com,no_cookies_or_timeout,2026-03-16T14:24:27.581130+00:00
kunluncan.com,no_cookies_or_timeout,2026-03-16T14:24:53.299620+00:00
samsungcloudsolution.net,no_cookies_or_timeout,2026-03-16T14:24:53.981342+00:00
squarespacedns.com,no_cookies_or_timeout,2026-03-16T14:24:54.758414+00:00
eu-1-id5-sync.com,no_cookies_or_timeout,2026-03-16T14:25:20.366366+00:00
tiktokw.us,no_cookies_or_timeout,2026-03-16T14:25:20.816649+00:00
gtm-a2b2.com,no_cookies_or_timeout,2026-03-16T14:25:46.131983+00:00
adgrx.com,no_cookies_or_timeout,2026-03-16T14:25:53.533231+00:00
bytefcdn.com,no_cookies_or_timeout,2026-03-16T14:25:54.565883+00:00
microsoftpersonalcontent.com,no_cookies_or_timeout,2026-03-16T14:25:55.351787+00:00
yandexcloud.net,no_cookies_or_timeout,2026-03-16T14:25:58.713399+00:00
nexthink.cloud,no_cookies_or_timeout,2026-03-16T14:25:59.069690+00:00
costco.com,no_cookies_or_timeout,2026-03-16T14:26:00.120832+00:00
webhostbox.net,no_cookies_or_timeout,2026-03-16T14:26:00.593030+00:00
kslawin.com,no_cookies_or_timeout,2026-03-16T14:26:00.997636+00:00
tsyndicate.com,no_cookies_or_timeout,2026-03-16T14:26:01.950036+00:00
vk-analytics.ru,no_cookies_or_timeout,2026-03-16T14:26:03.058611+00:00
ci-servers.net,no_cookies_or_timeout,2026-03-16T14:26:03.909806+00:00
ci-servers.org,no_cookies_or_timeout,2026-03-16T14:26:04.685767+00:00
kohls.com,no_cookies_or_timeout,2026-03-16T14:26:07.421323+00:00
kwcdn.com,no_cookies_or_timeout,2026-03-16T14:26:25.302581+00:00
fb-t-msedge.net,no_cookies_or_timeout,2026-03-16T14:26:25.717096+00:00
heytapmobi.com,no_cookies_or_timeout,2026-03-16T14:26:29.307687+00:00
privacy-mgmt.com,no_cookies_or_timeout,2026-03-16T14:26:29.733752+00:00
orderbox-dns.com,no_cookies_or_timeout,2026-03-16T14:26:30.537214+00:00
cbc.ca,no_cookies_or_timeout,2026-03-16T14:26:31.016418+00:00
incapdns.net,no_cookies_or_timeout,2026-03-16T14:26:31.647936+00:00
ad-delivery.net,no_cookies_or_timeout,2026-03-16T14:26:34.436934+00:00
tiktokpangle.us,no_cookies_or_timeout,2026-03-16T14:26:34.784600+00:00
immedia-semi.com,no_cookies_or_timeout,2026-03-16T14:26:35.456703+00:00
4dex.io,no_cookies_or_timeout,2026-03-16T14:26:36.139994+00:00
cdnhwc2.com,no_cookies_or_timeout,2026-03-16T14:26:37.009111+00:00
i18n-pglstatp.com,no_cookies_or_timeout,2026-03-16T14:26:37.555696+00:00
yximgs.com,no_cookies_or_timeout,2026-03-16T14:26:38.298292+00:00
fbpigeon.com,no_cookies_or_timeout,2026-03-16T14:26:38.667621+00:00
dns.cn,no_cookies_or_timeout,2026-03-16T14:27:04.103182+00:00
ovscdns.net,no_cookies_or_timeout,2026-03-16T14:27:04.938339+00:00
afafb.com,no_cookies_or_timeout,2026-03-16T14:27:05.457527+00:00
russianpost.ru,no_cookies_or_timeout,2026-03-16T14:27:31.163156+00:00
cspserver.net,no_cookies_or_timeout,2026-03-16T14:27:34.275463+00:00
samsungcloud.tv,no_cookies_or_timeout,2026-03-16T14:27:34.667552+00:00
moneycontrol.com,no_cookies_or_timeout,2026-03-16T14:27:37.344685+00:00
footprintdns.com,no_cookies_or_timeout,2026-03-16T14:27:38.192427+00:00
lgtvsdp.com,no_cookies_or_timeout,2026-03-16T14:27:39.075108+00:00
apigee.net,no_cookies_or_timeout,2026-03-16T14:27:39.856938+00:00
contentsquare.net,no_cookies_or_timeout,2026-03-16T14:27:40.532827+00:00
mythad.com,no_cookies_or_timeout,2026-03-16T14:27:41.117218+00:00
dbankcloud.cn,no_cookies_or_timeout,2026-03-16T14:27:41.948930+00:00
inkuai.com,no_cookies_or_timeout,2026-03-16T14:27:42.579380+00:00
ttlivecdn.com,no_cookies_or_timeout,2026-03-16T14:27:43.088144+00:00
xhscdn.com,no_cookies_or_timeout,2026-03-16T14:28:08.562777+00:00
tubi.io,no_cookies_or_timeout,2026-03-16T14:28:09.326842+00:00
cqloud.com,no_cookies_or_timeout,2026-03-16T14:28:09.867824+00:00
share.google,no_cookies_or_timeout,2026-03-16T14:28:12.783704+00:00
mmechocaptiveportal.com,no_cookies_or_timeout,2026-03-16T14:28:30.124004+00:00
byteoversea.com,no_cookies_or_timeout,2026-03-16T14:28:30.837111+00:00
tendawifi.com,no_cookies_or_timeout,2026-03-16T14:28:31.586028+00:00
susercontent.com,no_cookies_or_timeout,2026-03-16T14:28:32.384602+00:00
usnews.com,no_cookies_or_timeout,2026-03-16T14:28:48.128666+00:00
jw.org,no_cookies_or_timeout,2026-03-16T14:28:49.159325+00:00
blxrbdn.com,no_cookies_or_timeout,2026-03-16T14:28:54.403314+00:00
meesho.com,no_cookies_or_timeout,2026-03-16T14:28:57.369261+00:00
magazineluiza.com.br,no_cookies_or_timeout,2026-03-16T14:29:00.226707+00:00
hik-connect.com,no_cookies_or_timeout,2026-03-16T14:29:00.589364+00:00
company-target.com,no_cookies_or_timeout,2026-03-16T14:29:01.461908+00:00
cricbuzz.com,no_cookies_or_timeout,2026-03-16T14:29:05.278684+00:00
vtwenty.com,no_cookies_or_timeout,2026-03-16T14:29:05.662941+00:00
ctdns.cn,no_cookies_or_timeout,2026-03-16T14:29:06.437272+00:00
eeroup.com,no_cookies_or_timeout,2026-03-16T14:29:08.969167+00:00
dnse0.com,no_cookies_or_timeout,2026-03-16T14:29:09.313398+00:00
cloudsink.net,no_cookies_or_timeout,2026-03-16T14:29:09.781185+00:00
adaether.com,no_cookies_or_timeout,2026-03-16T14:29:10.421345+00:00
bund.de,no_cookies_or_timeout,2026-03-16T14:29:19.603475+00:00
hwcdn.ru,no_cookies_or_timeout,2026-03-16T14:29:20.339349+00:00
fanfiction.net,no_cookies_or_timeout,2026-03-16T14:29:46.063547+00:00
vegalb.com,no_cookies_or_timeout,2026-03-16T14:29:46.769263+00:00
kicker.de,no_cookies_or_timeout,2026-03-16T14:29:51.075804+00:00
divar.ir,no_cookies_or_timeout,2026-03-16T14:29:59.725563+00:00
myntra.com,no_cookies_or_timeout,2026-03-16T14:30:00.528507+00:00
makemytrip.com,no_cookies_or_timeout,2026-03-16T14:30:02.150479+00:00
msftauth.net,no_cookies_or_timeout,2026-03-16T14:30:02.945123+00:00
fedoraproject.org,no_cookies_or_timeout,2026-03-16T14:30:06.158950+00:00
sensic.net,no_cookies_or_timeout,2026-03-16T14:30:08.689237+00:00
jamfcloud.com,no_cookies_or_timeout,2026-03-16T14:30:09.094624+00:00
staples.com,no_cookies_or_timeout,2026-03-16T14:30:24.742465+00:00
apple-cloudkit.com,no_cookies_or_timeout,2026-03-16T14:30:50.145457+00:00
hpeprint.com,no_cookies_or_timeout,2026-03-16T14:30:51.541415+00:00
justdial.com,no_cookies_or_timeout,2026-03-16T14:30:52.235371+00:00
hepsiburada.com,no_cookies_or_timeout,2026-03-16T14:30:55.655327+00:00
ey43.com,no_cookies_or_timeout,2026-03-16T14:30:58.435389+00:00
sotwe.com,no_cookies_or_timeout,2026-03-16T14:31:01.354281+00:00
rkv1.com,no_cookies_or_timeout,2026-03-16T14:31:04.494349+00:00
digikala.com,no_cookies_or_timeout,2026-03-16T14:31:07.502775+00:00
hianime.to,no_cookies_or_timeout,2026-03-16T14:31:10.388325+00:00
platorelay.com,no_cookies_or_timeout,2026-03-16T14:31:14.920002+00:00
aemet.es,no_cookies_or_timeout,2026-03-16T14:31:40.603842+00:00
azure-api.net,no_cookies_or_timeout,2026-03-16T14:31:41.133627+00:00
varzesh3.com,no_cookies_or_timeout,2026-03-16T14:32:06.554896+00:00
tesla.com,no_cookies_or_timeout,2026-03-16T14:32:09.689560+00:00
amd.com,no_cookies_or_timeout,2026-03-16T14:32:10.327422+00:00
stratoserver.net,no_cookies_or_timeout,2026-03-16T14:32:11.113600+00:00
namasha.com,no_cookies_or_timeout,2026-03-16T14:32:36.887356+00:00
gtld.biz,no_cookies_or_timeout,2026-03-16T14:32:37.477958+00:00
fedex.com,no_cookies_or_timeout,2026-03-16T14:33:03.204467+00:00
cmoa.jp,no_cookies_or_timeout,2026-03-16T14:33:04.525843+00:00
vercel-dns-016.com,no_cookies_or_timeout,2026-03-16T14:33:05.213491+00:00
otieu.com,no_cookies_or_timeout,2026-03-16T14:33:08.384271+00:00
eci.gov.in,no_cookies_or_timeout,2026-03-16T14:33:34.110364+00:00
playfabapi.com,no_cookies_or_timeout,2026-03-16T14:33:34.847426+00:00
dkitrxmdwoqruvsi.net,no_cookies_or_timeout,2026-03-16T14:33:35.475465+00:00
rfihub.com,no_cookies_or_timeout,2026-03-16T14:33:36.164129+00:00
ptt.cc,no_cookies_or_timeout,2026-03-16T14:33:39.339450+00:00
wcdnga.com,no_cookies_or_timeout,2026-03-16T14:33:40.139430+00:00
eff.org,no_cookies_or_timeout,2026-03-16T14:33:43.061838+00:00
zpath.net,no_cookies_or_timeout,2026-03-16T14:33:43.501521+00:00
usgovtrafficmanager.net,no_cookies_or_timeout,2026-03-16T14:33:44.244961+00:00
volcgslb.com,no_cookies_or_timeout,2026-03-16T14:33:45.532365+00:00
milli.gold,no_cookies_or_timeout,2026-03-16T14:34:10.950334+00:00
ninisite.com,no_cookies_or_timeout,2026-03-16T14:34:36.693087+00:00
lk21official.cc,no_cookies_or_timeout,2026-03-16T14:34:37.274550+00:00
apdcdn.com,no_cookies_or_timeout,2026-03-16T14:34:42.591103+00:00
ewaybillgst.gov.in,no_cookies_or_timeout,2026-03-16T14:35:08.039613+00:00
nfse.gov.br,no_cookies_or_timeout,2026-03-16T14:35:09.417071+00:00
t-bank-app.ru,no_cookies_or_timeout,2026-03-16T14:35:15.607300+00:00
salonboard.com,no_cookies_or_timeout,2026-03-16T14:35:41.187873+00:00
hdhub4u.fo,no_cookies_or_timeout,2026-03-16T14:35:41.702439+00:00
com.se,no_cookies_or_timeout,2026-03-16T14:35:43.029519+00:00
simontokx.asia,no_cookies_or_timeout,2026-03-16T14:35:43.652321+00:00
turbo.az,no_cookies_or_timeout,2026-03-16T14:35:49.658739+00:00
gree-apps.net,no_cookies_or_timeout,2026-03-16T14:35:50.469767+00:00
pmkisan.gov.in,no_cookies_or_timeout,2026-03-16T14:36:15.928802+00:00
zenlogic.net,no_cookies_or_timeout,2026-03-16T14:36:41.568570+00:00
pubmnet.com,no_cookies_or_timeout,2026-03-16T14:36:42.085697+00:00
mgslb.com,no_cookies_or_timeout,2026-03-16T14:36:42.547201+00:00
filesdl.top,no_cookies_or_timeout,2026-03-16T14:36:43.031351+00:00
gree-pf.net,no_cookies_or_timeout,2026-03-16T14:36:43.580974+00:00
madrasati.sa,no_cookies_or_timeout,2026-03-16T14:36:46.293069+00:00
blacktoon410.com,no_cookies_or_timeout,2026-03-16T14:36:49.031153+00:00
lotterysambadresult.in,no_cookies_or_timeout,2026-03-16T14:36:52.064079+00:00
topgirl.co,no_cookies_or_timeout,2026-03-16T14:36:52.876676+00:00
examinationservices.nic.in,no_cookies_or_timeout,2026-03-16T14:37:04.841362+00:00
nregastrep.nic.in,no_cookies_or_timeout,2026-03-16T14:37:30.620284+00:00
fazenda.gov.br,no_cookies_or_timeout,2026-03-16T14:37:31.428646+00:00
on.aws,no_cookies_or_timeout,2026-03-16T14:37:31.798804+00:00
rncdn7.com,no_cookies_or_timeout,2026-03-16T14:37:57.554853+00:00
adguard-vpn.online,no_cookies_or_timeout,2026-03-16T14:37:58.304901+00:00
zdnscloud.com,no_cookies_or_timeout,2026-03-16T14:37:58.741266+00:00
olympics.com,no_cookies_or_timeout,2026-03-16T14:38:04.452217+00:00
rings.solutions,no_cookies_or_timeout,2026-03-16T14:38:05.002758+00:00
doppiocdn.com,no_cookies_or_timeout,2026-03-16T14:38:05.834955+00:00
tremorhub.com,no_cookies_or_timeout,2026-03-16T14:38:08.892444+00:00
barnesandnoble.com,no_cookies_or_timeout,2026-03-16T14:38:10.009993+00:00
ns1p.net,no_cookies_or_timeout,2026-03-16T14:38:12.714504+00:00
sendgrid.net,no_cookies_or_timeout,2026-03-16T14:38:15.279801+00:00
presage.io,no_cookies_or_timeout,2026-03-16T14:38:16.763751+00:00
t-s1-msedge.net,no_cookies_or_timeout,2026-03-16T14:38:17.465306+00:00
api.aws,no_cookies_or_timeout,2026-03-16T14:38:17.929548+00:00
wshifen.com,no_cookies_or_timeout,2026-03-16T14:38:18.416022+00:00
indexww.com,no_cookies_or_timeout,2026-03-16T14:38:28.182965+00:00
marketingcloudapis.com,no_cookies_or_timeout,2026-03-16T14:38:28.663255+00:00
googleapis.cn,no_cookies_or_timeout,2026-03-16T14:38:29.368911+00:00
elcorteingles.es,no_cookies_or_timeout,2026-03-16T14:38:31.178323+00:00
ipredictive.com,no_cookies_or_timeout,2026-03-16T14:38:31.877869+00:00
vercel-dns-3.com,no_cookies_or_timeout,2026-03-16T14:38:32.699040+00:00
aadrm.com,no_cookies_or_timeout,2026-03-16T14:38:33.107914+00:00
your-server.de,no_cookies_or_timeout,2026-03-16T14:38:36.900102+00:00
nic.uk,no_cookies_or_timeout,2026-03-16T14:38:37.663182+00:00
giex.ru,no_cookies_or_timeout,2026-03-16T14:38:40.114482+00:00
mango.com,no_cookies_or_timeout,2026-03-16T14:38:42.878014+00:00
easy4ipcloud.com,no_cookies_or_timeout,2026-03-16T14:38:43.486943+00:00
akamaitechnologies.com,no_cookies_or_timeout,2026-03-16T14:38:43.887023+00:00
algolia.net,no_cookies_or_timeout,2026-03-16T14:38:47.287682+00:00
isappcloud.com,no_cookies_or_timeout,2026-03-16T14:38:47.944560+00:00
ohthree.com,no_cookies_or_timeout,2026-03-16T14:38:48.499369+00:00
pacloudflare.com,no_cookies_or_timeout,2026-03-16T14:38:48.900244+00:00
litix.io,no_cookies_or_timeout,2026-03-16T14:38:49.509093+00:00
s-msedge.net,no_cookies_or_timeout,2026-03-16T14:38:50.201624+00:00
viasat.io,no_cookies_or_timeout,2026-03-16T14:38:50.659019+00:00
share-dns.com,no_cookies_or_timeout,2026-03-16T14:38:51.254215+00:00
nelreports.net,no_cookies_or_timeout,2026-03-16T14:38:51.800899+00:00
iana.org,no_cookies_or_timeout,2026-03-16T14:38:54.950128+00:00
opera.software,no_cookies_or_timeout,2026-03-16T14:39:20.736995+00:00
uisp.com,no_cookies_or_timeout,2026-03-16T14:39:23.556966+00:00
office365.us,no_cookies_or_timeout,2026-03-16T14:39:49.286578+00:00
ezvizru.com,no_cookies_or_timeout,2026-03-16T14:40:14.976077+00:00
dnse3.com,no_cookies_or_timeout,2026-03-16T14:40:15.517855+00:00
mathtag.com,no_cookies_or_timeout,2026-03-16T14:40:15.874210+00:00
samsungiotcloud.com,no_cookies_or_timeout,2026-03-16T14:40:16.378675+00:00
queniuaa.com,no_cookies_or_timeout,2026-03-16T14:40:16.907926+00:00
postrelease.com,no_cookies_or_timeout,2026-03-16T14:40:19.713982+00:00
166.com,no_cookies_or_timeout,2026-03-16T14:40:20.370302+00:00
4wps.net,no_cookies_or_timeout,2026-03-16T14:40:21.175041+00:00
msauth.net,no_cookies_or_timeout,2026-03-16T14:40:21.644848+00:00
redditstatic.com,no_cookies_or_timeout,2026-03-16T14:40:22.189936+00:00
mozilla.net,no_cookies_or_timeout,2026-03-16T14:40:23.014681+00:00
e1c-ops.com,no_cookies_or_timeout,2026-03-16T14:40:23.723738+00:00
sc-static.net,no_cookies_or_timeout,2026-03-16T14:40:26.770565+00:00
mozgcp.net,no_cookies_or_timeout,2026-03-16T14:40:27.537699+00:00
ico.org.uk,no_cookies_or_timeout,2026-03-16T14:40:30.794547+00:00
rspamd.com,no_cookies_or_timeout,2026-03-16T14:40:35.148536+00:00
adobess.com,no_cookies_or_timeout,2026-03-16T14:40:35.710493+00:00
opera.technology,no_cookies_or_timeout,2026-03-16T14:41:01.081439+00:00
smailru.net,no_cookies_or_timeout,2026-03-16T14:41:02.158914+00:00
gvt3.com,no_cookies_or_timeout,2026-03-16T14:41:02.744508+00:00
bitrixphone.com,no_cookies_or_timeout,2026-03-16T14:41:03.554212+00:00
e-msedge.net,no_cookies_or_timeout,2026-03-16T14:41:04.016359+00:00
mts-ws.net,no_cookies_or_timeout,2026-03-16T14:41:05.229194+00:00
unmsapp.com,no_cookies_or_timeout,2026-03-16T14:41:06.054091+00:00
magonet.ru,no_cookies_or_timeout,2026-03-16T14:41:07.125141+00:00
mtu.ru,no_cookies_or_timeout,2026-03-16T14:41:07.821426+00:00
atomile.com,no_cookies_or_timeout,2026-03-16T14:41:08.696020+00:00
nba.com,no_cookies_or_timeout,2026-03-16T14:41:09.181855+00:00
mps.gov.cn,no_cookies_or_timeout,2026-03-16T14:41:10.966387+00:00
dropboxusercontent.com,no_cookies_or_timeout,2026-03-16T14:41:11.450278+00:00
obqj2.com,no_cookies_or_timeout,2026-03-16T14:41:14.113962+00:00
mfadsrvr.com,no_cookies_or_timeout,2026-03-16T14:41:17.290043+00:00
alikunlun.com,no_cookies_or_timeout,2026-03-16T14:41:42.622368+00:00
iubenda.com,no_cookies_or_timeout,2026-03-16T14:41:47.030965+00:00
zdnscloud.cn,no_cookies_or_timeout,2026-03-16T14:41:47.721544+00:00
mwbsys.com,no_cookies_or_timeout,2026-03-16T14:41:48.368748+00:00
yzwtz.com,no_cookies_or_timeout,2026-03-16T14:41:51.611694+00:00
nipr.mil,no_cookies_or_timeout,2026-03-16T14:41:52.066770+00:00
men.gov.ma,no_cookies_or_timeout,2026-03-16T14:42:17.778845+00:00
cloudfunctions.net,no_cookies_or_timeout,2026-03-16T14:42:18.440974+00:00
dropbox-dns.com,no_cookies_or_timeout,2026-03-16T14:42:18.910408+00:00
translate.goog,no_cookies_or_timeout,2026-03-16T14:42:21.811077+00:00
afribaba.com,no_cookies_or_timeout,2026-03-16T14:42:24.577144+00:00
tdnsstic1.cn,no_cookies_or_timeout,2026-03-16T14:42:25.310684+00:00
es.io,no_cookies_or_timeout,2026-03-16T14:42:25.904366+00:00
seg-social.pt,no_cookies_or_timeout,2026-03-16T14:42:51.415831+00:00
exelator.com,no_cookies_or_timeout,2026-03-16T14:43:17.019715+00:00
ecdnx.com,no_cookies_or_timeout,2026-03-16T14:43:17.765795+00:00
ssc.gov.in,no_cookies_or_timeout,2026-03-16T14:43:43.245598+00:00
loopme.me,no_cookies_or_timeout,2026-03-16T14:43:44.646808+00:00
discomax.com,no_cookies_or_timeout,2026-03-16T14:43:45.147124+00:00
lfstrm.tv,no_cookies_or_timeout,2026-03-16T14:43:49.265418+00:00
hstgr.net,no_cookies_or_timeout,2026-03-16T14:43:50.207135+00:00
line-apps.com,no_cookies_or_timeout,2026-03-16T14:44:15.707219+00:00
hpe.com,no_cookies_or_timeout,2026-03-16T14:44:16.456081+00:00
exclusive-spin.com,no_cookies_or_timeout,2026-03-16T14:44:19.537013+00:00
gpcloudservice.com,no_cookies_or_timeout,2026-03-16T14:44:20.243548+00:00
hasil.gov.my,no_cookies_or_timeout,2026-03-16T14:44:46.010758+00:00
restream-media.net,no_cookies_or_timeout,2026-03-16T14:44:47.142829+00:00
aws-prd.net,no_cookies_or_timeout,2026-03-16T14:44:47.921614+00:00
sinaedge.com,no_cookies_or_timeout,2026-03-16T14:44:48.856278+00:00
themoviedb.org,no_cookies_or_timeout,2026-03-16T14:44:49.707420+00:00
msappproxy.net,no_cookies_or_timeout,2026-03-16T14:44:50.443758+00:00
bls.gov,no_cookies_or_timeout,2026-03-16T14:44:53.800846+00:00
beeline.ru,no_cookies_or_timeout,2026-03-16T14:45:19.518492+00:00
cdnhwcbqs106.com,no_cookies_or_timeout,2026-03-16T14:45:20.559719+00:00
spot.im,no_cookies_or_timeout,2026-03-16T14:45:23.492393+00:00
dbankcdn.com,no_cookies_or_timeout,2026-03-16T14:45:24.281313+00:00
lnrsg.io,no_cookies_or_timeout,2026-03-16T14:45:24.613534+00:00
sprinklr.com,no_cookies_or_timeout,2026-03-16T14:45:28.052790+00:00
igodigital.com,no_cookies_or_timeout,2026-03-16T14:45:28.405286+00:00
infocyte.com,no_cookies_or_timeout,2026-03-16T14:45:31.550866+00:00
tq-tungsten.com,no_cookies_or_timeout,2026-03-16T14:45:31.910666+00:00
systemdns.com,no_cookies_or_timeout,2026-03-16T14:45:57.575731+00:00
bato.si,no_cookies_or_timeout,2026-03-16T14:46:00.477859+00:00
adobelogin.com,no_cookies_or_timeout,2026-03-16T14:46:01.581412+00:00
inbake.com,no_cookies_or_timeout,2026-03-16T14:46:27.061158+00:00
cloudflareclient.com,no_cookies_or_timeout,2026-03-16T14:46:29.750494+00:00
vidgo.blog,no_cookies_or_timeout,2026-03-16T14:46:30.293605+00:00
mp4moviez.talk,no_cookies_or_timeout,2026-03-16T14:46:30.843418+00:00
ltwebstatic.com,no_cookies_or_timeout,2026-03-16T14:46:33.448915+00:00
vid7.online,no_cookies_or_timeout,2026-03-16T14:46:33.957337+00:00
ru.com,no_cookies_or_timeout,2026-03-16T14:46:34.652105+00:00
msecnd.net,no_cookies_or_timeout,2026-03-16T14:46:35.224687+00:00
bcvcdn.com,no_cookies_or_timeout,2026-03-16T14:46:36.083409+00:00
trellix.com,no_cookies_or_timeout,2026-03-16T14:46:36.857495+00:00
network-auth.com,no_cookies_or_timeout,2026-03-16T14:46:37.208248+00:00
dnse1.com,no_cookies_or_timeout,2026-03-16T14:46:38.001349+00:00
immunet.com,no_cookies_or_timeout,2026-03-16T14:46:38.765581+00:00
canvas-user-content.com,no_cookies_or_timeout,2026-03-16T14:46:39.287470+00:00
123tt.ru,no_cookies_or_timeout,2026-03-16T14:46:40.090085+00:00
truecaller.com,no_cookies_or_timeout,2026-03-16T14:46:44.455310+00:00
tiqcdn.com,no_cookies_or_timeout,2026-03-16T14:46:45.040628+00:00
mosspf.net,no_cookies_or_timeout,2026-03-16T14:46:45.688763+00:00
bfmio.com,no_cookies_or_timeout,2026-03-16T14:47:11.366765+00:00
script.ac,no_cookies_or_timeout,2026-03-16T14:47:11.800306+00:00
ay.delivery,no_cookies_or_timeout,2026-03-16T14:47:12.373254+00:00
tribalfusion.com,no_cookies_or_timeout,2026-03-16T14:47:14.918221+00:00
usercontent.microsoft,no_cookies_or_timeout,2026-03-16T14:47:15.658619+00:00
supersonicads.com,no_cookies_or_timeout,2026-03-16T14:47:16.309617+00:00
wtxcdn.com,no_cookies_or_timeout,2026-03-16T14:47:17.099826+00:00
ak-is2.net,no_cookies_or_timeout,2026-03-16T14:47:17.754170+00:00
vkuseraudio.net,no_cookies_or_timeout,2026-03-16T14:47:22.224808+00:00
inc.com,no_cookies_or_timeout,2026-03-16T14:47:24.729697+00:00
zijieapi.com,no_cookies_or_timeout,2026-03-16T14:47:25.583725+00:00
gshifen.com,no_cookies_or_timeout,2026-03-16T14:47:26.412807+00:00
ads-twitter.com,no_cookies_or_timeout,2026-03-16T14:47:27.079367+00:00
dv.tech,no_cookies_or_timeout,2026-03-16T14:47:29.830390+00:00
samsungdm.com,no_cookies_or_timeout,2026-03-16T14:47:30.710595+00:00
gos-gsp.io,no_cookies_or_timeout,2026-03-16T14:47:31.221543+00:00
amp-endpoint2.com,no_cookies_or_timeout,2026-03-16T14:47:31.697447+00:00
liftoff-creatives.io,no_cookies_or_timeout,2026-03-16T14:47:32.190762+00:00
geoedge.be,no_cookies_or_timeout,2026-03-16T14:47:32.871692+00:00
cloudflarestorage.com,no_cookies_or_timeout,2026-03-16T14:47:58.534238+00:00
getpocket.com,no_cookies_or_timeout,2026-03-16T14:48:02.057710+00:00
al-adtech.com,no_cookies_or_timeout,2026-03-16T14:48:04.142264+00:00
mncdn.com,no_cookies_or_timeout,2026-03-16T14:48:29.838469+00:00
vscode-cdn.net,no_cookies_or_timeout,2026-03-16T14:48:30.655611+00:00
ingage.tech,no_cookies_or_timeout,2026-03-16T14:48:56.420722+00:00
bumlam.com,no_cookies_or_timeout,2026-03-16T14:48:57.240238+00:00
paywb.com,no_cookies_or_timeout,2026-03-16T14:49:00.988392+00:00
slackb.com,no_cookies_or_timeout,2026-03-16T14:49:03.606317+00:00
knt9.xyz,no_cookies_or_timeout,2026-03-16T14:49:06.749526+00:00
mossru.com,no_cookies_or_timeout,2026-03-16T14:49:07.303905+00:00
arc-msedge.net,no_cookies_or_timeout,2026-03-16T14:49:08.037938+00:00
quantcount.com,no_cookies_or_timeout,2026-03-16T14:49:33.811058+00:00
webrootcloudav.com,no_cookies_or_timeout,2026-03-16T14:49:34.317243+00:00
hsforms.com,no_cookies_or_timeout,2026-03-16T14:49:34.844865+00:00
lgsmartad.com,no_cookies_or_timeout,2026-03-16T14:50:00.621855+00:00
w55c.net,no_cookies_or_timeout,2026-03-16T14:50:01.406974+00:00
mradx.net,no_cookies_or_timeout,2026-03-16T14:50:02.229958+00:00
kunlungr.com,no_cookies_or_timeout,2026-03-16T14:50:27.816517+00:00
dns-finder.com,no_cookies_or_timeout,2026-03-16T14:50:30.570152+00:00
cloudapp.net,no_cookies_or_timeout,2026-03-16T14:50:30.989924+00:00
tospotify.com,no_cookies_or_timeout,2026-03-16T14:50:31.747051+00:00
kde.org,no_cookies_or_timeout,2026-03-16T14:50:36.995688+00:00
splunkcloud.com,no_cookies_or_timeout,2026-03-16T14:50:37.508144+00:00
worldfcdn2.com,no_cookies_or_timeout,2026-03-16T14:50:38.148564+00:00
roskazna.ru,no_cookies_or_timeout,2026-03-16T14:51:03.774599+00:00
bytedns3.com,no_cookies_or_timeout,2026-03-16T14:51:04.786789+00:00
dnsip.com,no_cookies_or_timeout,2026-03-16T14:51:05.564977+00:00
wsglb0.com,no_cookies_or_timeout,2026-03-16T14:51:05.976288+00:00
digicertdns.com,no_cookies_or_timeout,2026-03-16T14:51:06.529923+00:00
wswebpic.com,no_cookies_or_timeout,2026-03-16T14:51:07.198130+00:00
volces.com,no_cookies_or_timeout,2026-03-16T14:51:07.979568+00:00
ccgateway.net,no_cookies_or_timeout,2026-03-16T14:51:08.319386+00:00
ford.com,no_cookies_or_timeout,2026-03-16T14:51:12.140543+00:00
zscaler.net,no_cookies_or_timeout,2026-03-16T14:51:12.718940+00:00
permutive.app,no_cookies_or_timeout,2026-03-16T14:51:15.456358+00:00
amp-endpoint3.com,no_cookies_or_timeout,2026-03-16T14:51:16.126757+00:00
oraclecloud.net,no_cookies_or_timeout,2026-03-16T14:51:16.850586+00:00
ad-score.com,no_cookies_or_timeout,2026-03-16T14:51:19.534021+00:00
oath.cloud,no_cookies_or_timeout,2026-03-16T14:51:20.266344+00:00
pullcm.com,no_cookies_or_timeout,2026-03-16T14:51:21.040503+00:00
xboxservices.com,no_cookies_or_timeout,2026-03-16T14:51:21.672570+00:00
aibixby.com,no_cookies_or_timeout,2026-03-16T14:51:22.070082+00:00
schwab.com,no_cookies_or_timeout,2026-03-16T14:51:24.924840+00:00
pndsn.com,no_cookies_or_timeout,2026-03-16T14:51:27.573671+00:00
bixbyllm.com,no_cookies_or_timeout,2026-03-16T14:51:28.198925+00:00
jimdofree.com,no_cookies_or_timeout,2026-03-16T14:51:28.948127+00:00
trs-dns.com,no_cookies_or_timeout,2026-03-16T14:51:29.775812+00:00
trs-dns.net,no_cookies_or_timeout,2026-03-16T14:51:30.450846+00:00
mihanwebhost.com,no_cookies_or_timeout,2026-03-16T14:51:56.215363+00:00
adobestats.io,no_cookies_or_timeout,2026-03-16T14:51:56.666529+00:00
onetrust.io,no_cookies_or_timeout,2026-03-16T14:51:57.024775+00:00
applvn.com,no_cookies_or_timeout,2026-03-16T14:51:57.886619+00:00
zdassets.com,no_cookies_or_timeout,2026-03-16T14:51:58.529580+00:00
dnse2.com,no_cookies_or_timeout,2026-03-16T14:51:58.974173+00:00
ureca-lab.com,no_cookies_or_timeout,2026-03-16T14:51:59.590559+00:00
imoim.net,no_cookies_or_timeout,2026-03-16T14:52:00.431416+00:00
mrf.io,no_cookies_or_timeout,2026-03-16T14:52:03.265492+00:00
inmobicdn.net,no_cookies_or_timeout,2026-03-16T14:52:29.028745+00:00
tynt.com,no_cookies_or_timeout,2026-03-16T14:52:32.036588+00:00
vercel-dns-017.com,no_cookies_or_timeout,2026-03-16T14:52:32.501771+00:00
awmdm.com,no_cookies_or_timeout,2026-03-16T14:52:33.031461+00:00
opera-api2.com,no_cookies_or_timeout,2026-03-16T14:52:58.374046+00:00
akstat.io,no_cookies_or_timeout,2026-03-16T14:52:59.087225+00:00
mookie1.com,no_cookies_or_timeout,2026-03-16T14:52:59.786581+00:00
im-apps.net,no_cookies_or_timeout,2026-03-16T14:53:03.116990+00:00
ccc.de,no_cookies_or_timeout,2026-03-16T14:53:09.163150+00:00
wac-dc-msedge.net,no_cookies_or_timeout,2026-03-16T14:53:09.964198+00:00
sascdn.com,no_cookies_or_timeout,2026-03-16T14:53:10.684124+00:00
alibabacorp.com,no_cookies_or_timeout,2026-03-16T14:53:36.061813+00:00
ravm.tv,no_cookies_or_timeout,2026-03-16T14:53:38.902630+00:00
semasio.net,no_cookies_or_timeout,2026-03-16T14:53:39.737220+00:00
merlincdn.net,no_cookies_or_timeout,2026-03-16T14:53:40.320540+00:00
secb2b.com,no_cookies_or_timeout,2026-03-16T14:53:40.862187+00:00
ikarem.io,no_cookies_or_timeout,2026-03-16T14:54:06.422376+00:00
sfdcfc.net,no_cookies_or_timeout,2026-03-16T14:54:07.171355+00:00
azure-dns.net,no_cookies_or_timeout,2026-03-16T14:54:07.774449+00:00
scopely.io,no_cookies_or_timeout,2026-03-16T14:54:08.113967+00:00
spectrum.com,no_cookies_or_timeout,2026-03-16T14:54:08.780300+00:00
privacy-center.org,no_cookies_or_timeout,2026-03-16T14:54:09.124396+00:00
ctmail.com,no_cookies_or_timeout,2026-03-16T14:54:34.703789+00:00
platinumai.net,no_cookies_or_timeout,2026-03-16T14:54:35.263680+00:00
sjtu.edu.cn,no_cookies_or_timeout,2026-03-16T14:55:00.776394+00:00
virginm.net,no_cookies_or_timeout,2026-03-16T14:55:01.645121+00:00
ctadns.cn,no_cookies_or_timeout,2026-03-16T14:55:02.450139+00:00
tvsquared.com,no_cookies_or_timeout,2026-03-16T14:55:03.173022+00:00
mi-img.com,no_cookies_or_timeout,2026-03-16T14:55:04.290821+00:00
isnssdk.com,no_cookies_or_timeout,2026-03-16T14:55:04.754454+00:00
trs-dns.info,no_cookies_or_timeout,2026-03-16T14:55:05.312168+00:00
p-msedge.net,no_cookies_or_timeout,2026-03-16T14:55:05.785725+00:00
iotcplatform.com,no_cookies_or_timeout,2026-03-16T14:55:31.300900+00:00
onmicrosoft.com,no_cookies_or_timeout,2026-03-16T14:55:32.018880+00:00
trs-dns.org,no_cookies_or_timeout,2026-03-16T14:55:32.571256+00:00
gccdn.net,no_cookies_or_timeout,2026-03-16T14:55:33.182257+00:00
cdnhwc3.com,no_cookies_or_timeout,2026-03-16T14:55:34.084080+00:00
mongodb.net,no_cookies_or_timeout,2026-03-16T14:55:34.645934+00:00
coloros.com,no_cookies_or_timeout,2026-03-16T14:55:52.354310+00:00
mosspf.com,no_cookies_or_timeout,2026-03-16T14:55:53.203250+00:00
samsungnyc.com,no_cookies_or_timeout,2026-03-16T14:55:53.631690+00:00
xxpkg.com,no_cookies_or_timeout,2026-03-16T14:55:57.587975+00:00
urldefense.com,no_cookies_or_timeout,2026-03-16T14:56:00.313879+00:00
nflxext.com,no_cookies_or_timeout,2026-03-16T14:56:25.701342+00:00
dc-telemetry.net,no_cookies_or_timeout,2026-03-16T14:56:26.175951+00:00
kunlunsl.com,no_cookies_or_timeout,2026-03-16T14:56:51.653604+00:00
supercdn.ru,no_cookies_or_timeout,2026-03-16T14:56:52.930477+00:00
microsoftazuread-sso.com,no_cookies_or_timeout,2026-03-16T14:56:53.352883+00:00
elastic-cloud.com,no_cookies_or_timeout,2026-03-16T14:56:53.745617+00:00
lgthinq.com,no_cookies_or_timeout,2026-03-16T14:57:19.182176+00:00
itv.com,no_cookies_or_timeout,2026-03-16T14:57:20.462252+00:00
yimg.jp,no_cookies_or_timeout,2026-03-16T14:57:21.240033+00:00
mxptint.net,no_cookies_or_timeout,2026-03-16T14:57:46.687894+00:00
safedk.com,no_cookies_or_timeout,2026-03-16T14:57:47.257622+00:00
qqqmedia.com,no_cookies_or_timeout,2026-03-16T14:57:47.891773+00:00
growone.sg,no_cookies_or_timeout,2026-03-16T14:57:53.506046+00:00
tdnsv6.com,no_cookies_or_timeout,2026-03-16T14:57:54.172617+00:00
found.io,no_cookies_or_timeout,2026-03-16T14:57:54.627299+00:00
rr.com,no_cookies_or_timeout,2026-03-16T14:58:20.158413+00:00
nextmillmedia.com,no_cookies_or_timeout,2026-03-16T14:58:20.961614+00:00
edu-servers.net,no_cookies_or_timeout,2026-03-16T14:58:21.577881+00:00
queniuck.com,no_cookies_or_timeout,2026-03-16T14:58:22.112602+00:00
indazn.com,no_cookies_or_timeout,2026-03-16T14:58:22.928266+00:00
spbycdn.com,no_cookies_or_timeout,2026-03-16T14:58:24.448594+00:00
tuyaeu.com,no_cookies_or_timeout,2026-03-16T14:58:25.093994+00:00
tdnsv5.com,no_cookies_or_timeout,2026-03-16T14:58:25.712570+00:00
mlstatic.com,no_cookies_or_timeout,2026-03-16T14:58:26.431667+00:00
sankuai.com,no_cookies_or_timeout,2026-03-16T14:58:29.734447+00:00
gutenberg.org,no_cookies_or_timeout,2026-03-16T14:58:33.486428+00:00
splunkdev.net,no_cookies_or_timeout,2026-03-16T14:58:34.061511+00:00
shodan.io,no_cookies_or_timeout,2026-03-16T14:58:36.957417+00:00
jtvnw.net,no_cookies_or_timeout,2026-03-16T14:58:37.389454+00:00
nhk.or.jp,no_cookies_or_timeout,2026-03-16T14:58:41.243559+00:00
braintree-api.com,no_cookies_or_timeout,2026-03-16T14:58:41.749311+00:00
qianxun.com,no_cookies_or_timeout,2026-03-16T14:59:07.205921+00:00
tokopedia.com,no_cookies_or_timeout,2026-03-16T14:59:08.720295+00:00
zefrdata.com,no_cookies_or_timeout,2026-03-16T14:59:09.332876+00:00
bcelive.com,no_cookies_or_timeout,2026-03-16T14:59:10.244895+00:00
mfms.ru,no_cookies_or_timeout,2026-03-16T14:59:35.917513+00:00
nasdaq.com,no_cookies_or_timeout,2026-03-16T14:59:36.582666+00:00
magnit.ru,no_cookies_or_timeout,2026-03-16T15:00:02.168739+00:00
ttwstatic.com,no_cookies_or_timeout,2026-03-16T15:00:03.040418+00:00
dropboxapi.com,no_cookies_or_timeout,2026-03-16T15:00:03.461828+00:00
mmstat.com,no_cookies_or_timeout,2026-03-16T15:00:04.112243+00:00
hisavana.com,no_cookies_or_timeout,2026-03-16T15:00:04.596759+00:00
startappservice.com,no_cookies_or_timeout,2026-03-16T15:00:07.305596+00:00
queniucf.com,no_cookies_or_timeout,2026-03-16T15:00:07.710981+00:00
acoustic-adm.com,no_cookies_or_timeout,2026-03-16T15:00:08.500126+00:00
ztomy.com,no_cookies_or_timeout,2026-03-16T15:00:10.921247+00:00
rackspaceclouddb.com,no_cookies_or_timeout,2026-03-16T15:00:11.513630+00:00
glanceapis.com,no_cookies_or_timeout,2026-03-16T15:00:12.096286+00:00
wscvip.cn,no_cookies_or_timeout,2026-03-16T15:00:12.699602+00:00
capitalonegslbex.com,no_cookies_or_timeout,2026-03-16T15:00:13.195674+00:00
eum-appdynamics.com,no_cookies_or_timeout,2026-03-16T15:00:13.646910+00:00
shopee.io,no_cookies_or_timeout,2026-03-16T15:00:14.546337+00:00
rutarget.ru,no_cookies_or_timeout,2026-03-16T15:00:17.526494+00:00
bk6bba-resources.com,no_cookies_or_timeout,2026-03-16T15:00:17.978753+00:00
pstatic.net,no_cookies_or_timeout,2026-03-16T15:00:43.582522+00:00
schneevonmorgen.com,no_cookies_or_timeout,2026-03-16T15:00:46.426927+00:00
tesla.services,no_cookies_or_timeout,2026-03-16T15:01:12.088303+00:00
ibytedtos.com,no_cookies_or_timeout,2026-03-16T15:01:12.790450+00:00
usertrust.com,no_cookies_or_timeout,2026-03-16T15:01:38.480941+00:00
strpst.com,no_cookies_or_timeout,2026-03-16T15:01:38.929733+00:00
virginia.edu,no_cookies_or_timeout,2026-03-16T15:02:04.460164+00:00
phys.org,no_cookies_or_timeout,2026-03-16T15:02:07.127406+00:00
privacyshield.gov,no_cookies_or_timeout,2026-03-16T15:02:08.159002+00:00
tcylgslb.com,no_cookies_or_timeout,2026-03-16T15:02:11.919560+00:00
cachefly.net,no_cookies_or_timeout,2026-03-16T15:02:12.386262+00:00
garenanow.com,no_cookies_or_timeout,2026-03-16T15:02:13.096172+00:00
bplslb.com,no_cookies_or_timeout,2026-03-16T15:02:13.738182+00:00
html-load.com,no_cookies_or_timeout,2026-03-16T15:02:16.572003+00:00
akaquill.net,no_cookies_or_timeout,2026-03-16T15:02:17.369413+00:00
dbankedge.cn,no_cookies_or_timeout,2026-03-16T15:02:17.876758+00:00
serving-sys.ru,no_cookies_or_timeout,2026-03-16T15:02:18.400242+00:00
aliexpress-media.com,no_cookies_or_timeout,2026-03-16T15:02:19.278943+00:00
gihc.net,no_cookies_or_timeout,2026-03-16T15:02:44.918947+00:00
rackcdn.com,no_cookies_or_timeout,2026-03-16T15:02:45.433765+00:00
kasserver.com,no_cookies_or_timeout,2026-03-16T15:02:49.256827+00:00
ksapisrv.com,no_cookies_or_timeout,2026-03-16T15:02:50.633825+00:00
undp.org,no_cookies_or_timeout,2026-03-16T15:02:53.506526+00:00
ndcpp-os.com,no_cookies_or_timeout,2026-03-16T15:02:54.076769+00:00
pullcf.com,no_cookies_or_timeout,2026-03-16T15:02:54.628156+00:00
msftstatic.com,no_cookies_or_timeout,2026-03-16T15:02:57.202628+00:00
pphosted.com,no_cookies_or_timeout,2026-03-16T15:02:58.021377+00:00
youversionapi.com,no_cookies_or_timeout,2026-03-16T15:03:23.360748+00:00
microsoft.us,no_cookies_or_timeout,2026-03-16T15:03:24.023384+00:00
dnsv4.com,no_cookies_or_timeout,2026-03-16T15:03:25.279339+00:00
samsungconsent.com,no_cookies_or_timeout,2026-03-16T15:03:25.997510+00:00
army.mil,no_cookies_or_timeout,2026-03-16T15:03:26.692561+00:00
fcc.gov,no_cookies_or_timeout,2026-03-16T15:03:27.407101+00:00
tranplanet.com,no_cookies_or_timeout,2026-03-16T15:03:27.948836+00:00
adtidy.org,no_cookies_or_timeout,2026-03-16T15:03:31.287892+00:00
nheos.com,no_cookies_or_timeout,2026-03-16T15:03:31.977160+00:00
ciscospark.com,no_cookies_or_timeout,2026-03-16T15:03:57.669903+00:00
unisoc.com,no_cookies_or_timeout,2026-03-16T15:04:14.995893+00:00
mos.ru,no_cookies_or_timeout,2026-03-16T15:04:40.450440+00:00
siteimproveanalytics.io,no_cookies_or_timeout,2026-03-16T15:04:41.009460+00:00
bytegle.tech,no_cookies_or_timeout,2026-03-16T15:04:41.598762+00:00
adhigh.net,no_cookies_or_timeout,2026-03-16T15:04:43.214716+00:00
mgts.ru,no_cookies_or_timeout,2026-03-16T15:05:09.014011+00:00
e5.sk,no_cookies_or_timeout,2026-03-16T15:05:09.833679+00:00
angelfire.com,no_cookies_or_timeout,2026-03-16T15:05:35.340266+00:00
orbsrv.com,no_cookies_or_timeout,2026-03-16T15:05:36.185882+00:00
datadoghq-browser-agent.com,no_cookies_or_timeout,2026-03-16T15:05:36.684320+00:00
glance-cdn.com,no_cookies_or_timeout,2026-03-16T15:05:39.886435+00:00
r7ops.com,no_cookies_or_timeout,2026-03-16T15:05:40.376124+00:00
volc-dns.com,no_cookies_or_timeout,2026-03-16T15:05:40.790519+00:00
tencentclb.com,no_cookies_or_timeout,2026-03-16T15:05:41.410663+00:00
pub.network,no_cookies_or_timeout,2026-03-16T15:05:44.049521+00:00
meoodata01.com,no_cookies_or_timeout,2026-03-16T15:05:44.498572+00:00
netis.cc,no_cookies_or_timeout,2026-03-16T15:05:46.718787+00:00
kgslb.com,no_cookies_or_timeout,2026-03-16T15:06:12.048536+00:00
panasonic.com,no_cookies_or_timeout,2026-03-16T15:06:12.902767+00:00
faqs.org,no_cookies_or_timeout,2026-03-16T15:06:13.785754+00:00
printercloud.com,no_cookies_or_timeout,2026-03-16T15:06:14.489904+00:00
managed-vps.net,no_cookies_or_timeout,2026-03-16T15:06:15.255617+00:00
livedns.co.uk,no_cookies_or_timeout,2026-03-16T15:06:15.859049+00:00
xserver.jp,no_cookies_or_timeout,2026-03-16T15:06:16.920481+00:00
selcloud.ru,no_cookies_or_timeout,2026-03-16T15:06:17.678892+00:00
hotjar.io,no_cookies_or_timeout,2026-03-16T15:06:18.416955+00:00
163img.com,no_cookies_or_timeout,2026-03-16T15:06:19.247863+00:00
navy.mil,no_cookies_or_timeout,2026-03-16T15:06:44.710011+00:00
sharepointonline.com,no_cookies_or_timeout,2026-03-16T15:07:10.047416+00:00
